positive,other,neutral,negative,doc_num
0.5878652334213257,0.3098011016845703,0.06458073109388351,0.03775295615196228,0
0.8599720597267151,0.06495513767004013,0.03824364021420479,0.03682909160852432,0
0.34305328130722046,0.29777276515960693,0.22204579412937164,0.13712812960147858,0
0.6433941721916199,0.16314873099327087,0.13378793001174927,0.05966911464929581,0
0.5098003149032593,0.29423800110816956,0.12741713225841522,0.06854451447725296,0
0.867908775806427,0.06298797577619553,0.05707103759050369,0.012032321654260159,0
0.6161534190177917,0.26387226581573486,0.07955173403024673,0.040422528982162476,0
0.9567477107048035,0.027766630053520203,0.01018045749515295,0.005305181723088026,0
0.36884912848472595,0.34900158643722534,0.20179413259029388,0.08035515993833542,1
0.4552365839481354,0.2822554111480713,0.20693892240524292,0.055569153279066086,1
0.4929943084716797,0.3013552725315094,0.15122148394584656,0.054428987205028534,1
0.43353530764579773,0.3603799045085907,0.16508105397224426,0.041003670543432236,2
0.3745489716529846,0.31373223662376404,0.27422308921813965,0.0374956950545311,2
0.8868226408958435,0.055259183049201965,0.048156093806028366,0.009762132540345192,2
0.3925495743751526,0.3486695885658264,0.23525702953338623,0.023523734882473946,2
0.4552766978740692,0.1982886642217636,0.18304172158241272,0.16339291632175446,2
0.9005762934684753,0.05823173001408577,0.03375771641731262,0.00743422657251358,2
0.3984503448009491,0.2207392007112503,0.21590003371238708,0.1649104505777359,2
0.4238271117210388,0.2993659973144531,0.17943058907985687,0.09737633168697357,3
0.4733865261077881,0.4213044047355652,0.08632788062095642,0.018981272354722023,3
0.8239539861679077,0.07910402119159698,0.07875487208366394,0.018187060952186584,3
0.4523441791534424,0.26994943618774414,0.15806113183498383,0.11964526027441025,3
0.7114298343658447,0.18442079424858093,0.07513853162527084,0.029010877013206482,3
0.609614372253418,0.22964702546596527,0.0816393792629242,0.07909927517175674,3
0.5627923607826233,0.3465653359889984,0.05122220516204834,0.03942010924220085,3
0.8957453966140747,0.08667357265949249,0.009061343036592007,0.008519787341356277,3
0.5008788704872131,0.31341755390167236,0.11965023726224899,0.06605339795351028,4
0.3886856436729431,0.30493760108947754,0.27101606130599976,0.03536069020628929,4
0.350468248128891,0.3012145459651947,0.22361135482788086,0.12470584362745285,4
0.36263507604599,0.32008564472198486,0.16211174428462982,0.15516749024391174,4
0.4868282675743103,0.31137800216674805,0.1467839628458023,0.05500979721546173,4
0.6371118426322937,0.27436426281929016,0.04598117619752884,0.0425427109003067,4
0.40821343660354614,0.30892428755760193,0.2073160707950592,0.07554623484611511,5
0.7439478039741516,0.11784613877534866,0.07466273009777069,0.06354334950447083,5
0.8329122066497803,0.0942566990852356,0.05736074224114418,0.015470373444259167,5
0.41849997639656067,0.35354143381118774,0.13437360525131226,0.09358496963977814,5
0.40230098366737366,0.24623282253742218,0.2287517488002777,0.12271441519260406,5
0.9185749888420105,0.04005485028028488,0.035736627876758575,0.005633528344333172,5
0.9506747722625732,0.035420097410678864,0.013049726374447346,0.0008554424275644124,5
0.537846028804779,0.2418038696050644,0.12212292850017548,0.09822718799114227,6
0.7639552354812622,0.08766662329435349,0.08301854133605957,0.06535962969064713,6
0.6198310256004333,0.244137704372406,0.09349825978279114,0.04253305122256279,6
0.46540316939353943,0.4477657973766327,0.05297842249274254,0.03385259956121445,6
0.5788615345954895,0.17337797582149506,0.17206093668937683,0.07569951564073563,6
0.3824312686920166,0.3486950695514679,0.17317019402980804,0.09570344537496567,7
0.493722140789032,0.26567554473876953,0.15611596405506134,0.08448629081249237,7
0.7921029329299927,0.10065348446369171,0.0855947881937027,0.02164875715970993,7
0.5824690461158752,0.2545624077320099,0.12237080186605453,0.040597718209028244,7
0.8687855005264282,0.06016632914543152,0.059348590672016144,0.011699574999511242,7
0.3757603168487549,0.3753491938114166,0.17404316365718842,0.0748472809791565,8
0.9327650666236877,0.04371935874223709,0.021966975182294846,0.0015485851326957345,8
0.27550429105758667,0.2622900903224945,0.2565437853336334,0.2056618332862854,8
0.453514963388443,0.25858715176582336,0.22761286795139313,0.060284942388534546,8
0.8325420618057251,0.08147070556879044,0.06992226839065552,0.01606491021811962,8
0.609614372253418,0.22964702546596527,0.0816393792629242,0.07909927517175674,8
0.5793315768241882,0.2633391320705414,0.11068898439407349,0.04664027690887451,8
0.9245423078536987,0.05319110304117203,0.012629318982362747,0.00963728316128254,8
0.3863457441329956,0.35373973846435547,0.1688772737979889,0.09103725850582123,9
0.7179718017578125,0.15036727488040924,0.10981188714504242,0.0218490082770586,9
0.5011317133903503,0.31927254796028137,0.10165449231863022,0.07794123142957687,9
0.5859746336936951,0.31464335322380066,0.06695331633090973,0.032428741455078125,9
0.6614786982536316,0.15971995890140533,0.12493494153022766,0.05386637523770332,9
0.5173032283782959,0.2988755404949188,0.15012480318546295,0.03369645029306412,10
0.5426057577133179,0.20769178867340088,0.14336702227592468,0.10633543878793716,10
0.42871031165122986,0.42071768641471863,0.09072540700435638,0.059846602380275726,10
0.8898149132728577,0.051426731050014496,0.04984995350241661,0.008908489719033241,10
0.334430456161499,0.2848668396472931,0.19646741449832916,0.1842353641986847,10
0.8853504657745361,0.07257802784442902,0.032450273633003235,0.009621168486773968,10
0.5128488540649414,0.30026954412460327,0.10116883367300034,0.0857127234339714,10
0.4962562322616577,0.3274320960044861,0.12032238394021988,0.0559893399477005,11
0.3897568881511688,0.30236074328422546,0.17278717458248138,0.13509513437747955,11
0.63653963804245,0.20336489379405975,0.1101258397102356,0.04996959865093231,11
0.8057185411453247,0.12531530857086182,0.05212779715657234,0.01683841273188591,11
0.4472031891345978,0.34398743510246277,0.13963933289051056,0.06917008012533188,11
0.5335373282432556,0.26748061180114746,0.15210887789726257,0.046873148530721664,11
0.9449249505996704,0.034649625420570374,0.012774570845067501,0.007650855928659439,11
0.44430941343307495,0.21872574090957642,0.1934831440448761,0.14348170161247253,12
0.4106956422328949,0.3197422921657562,0.24257540702819824,0.02698664925992489,12
0.3261736333370209,0.28087174892425537,0.22176693379878998,0.1711876541376114,12
0.32009029388427734,0.28301507234573364,0.223645880818367,0.17324872314929962,12
0.7715147137641907,0.10748810321092606,0.0942898690700531,0.026707258075475693,12
0.6822342276573181,0.16966652870178223,0.07726182043552399,0.07083743065595627,12
0.6354598999023438,0.16493536531925201,0.1447511911392212,0.05485353246331215,12
0.5716732740402222,0.22278963029384613,0.18091481924057007,0.024622300639748573,13
0.9088994860649109,0.048319313675165176,0.035496100783348083,0.007285014260560274,13
0.5042783617973328,0.2025325894355774,0.196994349360466,0.09619466960430145,13
0.6825626492500305,0.26088643074035645,0.04025549814105034,0.016295410692691803,13
0.7554743885993958,0.11464554816484451,0.09777592867612839,0.032104142010211945,13
0.3780282735824585,0.2572280764579773,0.2453070729970932,0.11943657696247101,14
0.4806089997291565,0.254698783159256,0.19933339953422546,0.06535875797271729,14
0.6783957481384277,0.2085934430360794,0.0570656955242157,0.055945105850696564,14
0.771469235420227,0.09977223724126816,0.07832030951976776,0.050438228994607925,14
0.8916832208633423,0.058709532022476196,0.04126948490738869,0.008337805978953838,14
0.7826992273330688,0.12323866784572601,0.054500553756952286,0.03956155478954315,14
0.6902206540107727,0.17706121504306793,0.07547000050544739,0.057248104363679886,14
0.37727975845336914,0.25199252367019653,0.22492168843746185,0.1458059698343277,14
0.43261080980300903,0.3145139813423157,0.18695610761642456,0.06591910868883133,15
0.3897568881511688,0.30236074328422546,0.17278717458248138,0.13509513437747955,15
0.43435192108154297,0.28562676906585693,0.1930973380804062,0.0869239941239357,15
0.7201079726219177,0.16684632003307343,0.09859294444322586,0.014452826231718063,15
0.372873455286026,0.2688489258289337,0.21966102719306946,0.13861657679080963,15
0.9038830995559692,0.05032865330576897,0.037990204989910126,0.007798054721206427,15
0.8287373781204224,0.07368961721658707,0.05016934871673584,0.047403644770383835,15
0.4636107385158539,0.27948302030563354,0.20097525417804718,0.05593108758330345,16
0.43495941162109375,0.2614676356315613,0.20334316790103912,0.10022976249456406,16
0.7254780530929565,0.16683289408683777,0.07620352506637573,0.031485527753829956,16
0.37233245372772217,0.3165394067764282,0.2655986547470093,0.04552941769361496,16
0.3909207582473755,0.24113662540912628,0.23615214228630066,0.13179047405719757,16
0.8017645478248596,0.09279730170965195,0.08429954200983047,0.02113870345056057,16
0.5546285510063171,0.19812139868736267,0.19563740491867065,0.05161266773939133,16
0.3940404951572418,0.3365928828716278,0.2103811353445053,0.05898542329668999,17
0.6169834733009338,0.14653822779655457,0.13685667514801025,0.09962157905101776,17
0.34852614998817444,0.3010697066783905,0.22211149334907532,0.12829270958900452,17
0.3754808008670807,0.35493579506874084,0.13484226167201996,0.1347411423921585,17
0.6738042831420898,0.22301359474658966,0.05199218541383743,0.05118990316987038,17
0.4648784399032593,0.3826904296875,0.08911827206611633,0.06331288814544678,17
0.31619277596473694,0.3061680197715759,0.28546321392059326,0.09217601269483566,17
0.8170191049575806,0.11684643477201462,0.04000365361571312,0.026130860671401024,17
0.45141369104385376,0.3486495614051819,0.14018204808235168,0.05975466966629028,18
0.4565427601337433,0.2969808578491211,0.14056016504764557,0.10591620206832886,18
0.3782862722873688,0.2527233064174652,0.19599635899066925,0.17299403250217438,18
0.5765774250030518,0.20577406883239746,0.17245499789714813,0.04519341513514519,18
0.5622087717056274,0.17779262363910675,0.14251631498336792,0.11748234927654266,18
0.6349858641624451,0.2524162530899048,0.0579279288649559,0.05466991662979126,18
0.9345501065254211,0.0342080257833004,0.02653716318309307,0.00470469705760479,18
0.40165507793426514,0.3857748210430145,0.1772816926240921,0.03528839349746704,19
0.4022917151451111,0.3792002201080322,0.1349618285894394,0.08354616910219193,19
0.5875316858291626,0.2841152250766754,0.08192939311265945,0.0464237779378891,19
0.6036285758018494,0.2556583881378174,0.07807885110378265,0.06263415515422821,19
0.8555290102958679,0.08205374330282211,0.04992769658565521,0.01248953863978386,19
0.7638554573059082,0.10436389595270157,0.10150546580553055,0.03027518279850483,19
0.4186893701553345,0.2965811789035797,0.15451304614543915,0.13021644949913025,20
0.5479192137718201,0.30546215176582336,0.132836252450943,0.013782340101897717,20
0.7437484860420227,0.13762958347797394,0.0869700014591217,0.03165194392204285,20
0.6123427152633667,0.28917717933654785,0.06444530189037323,0.034034840762615204,20
0.8001947999000549,0.09674929082393646,0.06039896607398987,0.042656850069761276,20
0.4543102979660034,0.21603178977966309,0.1956731528043747,0.13398477435112,20
0.7654668688774109,0.18436670303344727,0.03008873760700226,0.020077725872397423,20
0.3342008888721466,0.28633707761764526,0.28605180978775024,0.0934101939201355,21
0.6328316330909729,0.19997091591358185,0.12954390048980713,0.03765358030796051,21
0.4253920018672943,0.2487601786851883,0.18287497758865356,0.14297278225421906,21
0.49307626485824585,0.3065858483314514,0.13385383784770966,0.06648403406143188,21
0.8001947999000549,0.09674929082393646,0.06039896607398987,0.042656850069761276,21
0.8780220746994019,0.06808540970087051,0.043260276317596436,0.010632210411131382,21
0.41872233152389526,0.3656565845012665,0.13031943142414093,0.08530161529779434,21
0.47315743565559387,0.23767240345478058,0.20320121943950653,0.08596892654895782,22
0.4903160333633423,0.22541001439094543,0.14908069372177124,0.13519327342510223,22
0.4459829330444336,0.2671491205692291,0.18656989932060242,0.10029804706573486,22
0.6721224784851074,0.2219536453485489,0.08964110910892487,0.016282811760902405,22
0.7157410383224487,0.2465677410364151,0.027668319642543793,0.0100229661911726,22
0.3777182102203369,0.26502764225006104,0.18659403920173645,0.17066006362438202,22
0.5291218757629395,0.2564401626586914,0.11019298434257507,0.10424491763114929,22
0.7013365626335144,0.2488332986831665,0.02774919383227825,0.022080963477492332,22
0.36337798833847046,0.2935449182987213,0.2785641849040985,0.0645129606127739,23
0.3195071816444397,0.2746843993663788,0.24139335751533508,0.16441503167152405,23
0.541180431842804,0.33471551537513733,0.09471183270215988,0.029392249882221222,23
0.5315396189689636,0.3032360374927521,0.0952744260430336,0.06994989514350891,23
0.6201091408729553,0.23728428781032562,0.09487929940223694,0.047727324068546295,23
0.48931819200515747,0.2626189887523651,0.16824935376644135,0.07981342822313309,23
0.5706928372383118,0.2272319346666336,0.13429012894630432,0.06778515130281448,24
0.4022917151451111,0.3792002201080322,0.1349618285894394,0.08354616910219193,24
0.8145896792411804,0.08737411350011826,0.07792329043149948,0.020112883299589157,24
0.29871439933776855,0.28894779086112976,0.25805360078811646,0.15428419411182404,24
0.37327709794044495,0.3589208722114563,0.21758179366588593,0.050220176577568054,24
0.5595178008079529,0.18634264171123505,0.1405055969953537,0.11363395303487778,24
0.8060866594314575,0.14002063870429993,0.04022146761417389,0.013671193271875381,24
0.7701656222343445,0.20159074664115906,0.016163328662514687,0.012080281972885132,24
0.36500421166419983,0.30045726895332336,0.21827055513858795,0.11626797914505005,25
0.3352169990539551,0.3216305077075958,0.30491331219673157,0.038239266723394394,25
0.4189385771751404,0.3569251298904419,0.14356529712677002,0.08057095855474472,25
0.6530008316040039,0.13860568404197693,0.12055621296167374,0.08783724159002304,25
0.5215619802474976,0.31606534123420715,0.10358401387929916,0.05878869816660881,25
0.8001947999000549,0.09674929082393646,0.06039896607398987,0.042656850069761276,25
0.30546900629997253,0.30424001812934875,0.23280806839466095,0.15748292207717896,25
0.7572711706161499,0.1182241216301918,0.0990067645907402,0.025497905910015106,25
0.3935472369194031,0.31524914503097534,0.22721007466316223,0.06399358808994293,26
0.4565427601337433,0.2969808578491211,0.14056016504764557,0.10591620206832886,26
0.4097958207130432,0.24949026107788086,0.23869532346725464,0.10201858729124069,26
0.3578145205974579,0.3375917077064514,0.1949474811553955,0.10964634269475937,26
0.5903375744819641,0.16006001830101013,0.12975136935710907,0.11985104531049728,26
0.843643844127655,0.08889362961053848,0.05353911966085434,0.013923429884016514,26
0.45568373799324036,0.22040893137454987,0.1663932353258133,0.15751409530639648,26
0.9567477107048035,0.027766630053520203,0.01018045749515295,0.005305181723088026,26
0.40165507793426514,0.3857748210430145,0.1772816926240921,0.03528839349746704,27
0.5204487442970276,0.24423706531524658,0.19323208928108215,0.04208219423890114,27
0.6837350130081177,0.1397397369146347,0.1304270625114441,0.04609811678528786,27
0.7122452855110168,0.24842248857021332,0.028352301567792892,0.010979908518493176,27
0.5960508584976196,0.2136477530002594,0.13165661692619324,0.05864478275179863,27
0.361934632062912,0.3088034391403198,0.20808576047420502,0.12117619067430496,28
0.33567434549331665,0.3229063153266907,0.3010382354259491,0.04038113355636597,28
0.4189385771751404,0.3569251298904419,0.14356529712677002,0.08057095855474472,28
0.6530008316040039,0.13860568404197693,0.12055621296167374,0.08783724159002304,28
0.5081836581230164,0.31884002685546875,0.10983574390411377,0.0631406307220459,28
0.6822342276573181,0.16966652870178223,0.07726182043552399,0.07083743065595627,28
0.39498504996299744,0.2833116352558136,0.2481805980205536,0.07352272421121597,28
0.7273810505867004,0.14227010309696198,0.09471550583839417,0.03563331067562103,28
0.9279195666313171,0.050376564264297485,0.012986483983695507,0.008717386983335018,28
0.35834595561027527,0.30663788318634033,0.26524704694747925,0.06976910680532455,29
0.5302551984786987,0.22887912392616272,0.1796588897705078,0.06120680272579193,29
0.7483210563659668,0.14885185658931732,0.07612907886505127,0.02669801004230976,29
0.6006903052330017,0.30337822437286377,0.06401006132364273,0.03192145749926567,29
0.41994306445121765,0.28605541586875916,0.176507830619812,0.11749367415904999,29
0.862157940864563,0.07392335683107376,0.05623854696750641,0.007680164650082588,29
0.5264314413070679,0.2115958034992218,0.1727556735277176,0.08921707421541214,30
0.4903160333633423,0.22541001439094543,0.14908069372177124,0.13519327342510223,30
0.8169328570365906,0.123390793800354,0.046227432787418365,0.013448863290250301,30
0.6433523893356323,0.24083057045936584,0.07930167019367218,0.036515384912490845,30
0.44269776344299316,0.29302912950515747,0.1932039111852646,0.07106924057006836,30
0.9441102147102356,0.03221933916211128,0.019755668938159943,0.003914871718734503,30
0.7994556427001953,0.12798559665679932,0.068354532122612,0.0042042541317641735,31
0.38363099098205566,0.3561396896839142,0.14681710302829742,0.11341223865747452,31
0.769423246383667,0.15649226307868958,0.05490817874670029,0.01917630061507225,31
0.6718202233314514,0.20701324939727783,0.06072735786437988,0.06043916940689087,31
0.45277634263038635,0.272534042596817,0.17139814794063568,0.10329149663448334,31
0.46546468138694763,0.458692729473114,0.05041057989001274,0.025431958958506584,31
0.4219744801521301,0.24024750292301178,0.18173478543758392,0.15604327619075775,32
0.702724039554596,0.18774059414863586,0.09842105954885483,0.01111423596739769,32
0.8407722115516663,0.07662436366081238,0.06614028662443161,0.016463136300444603,32
0.7978880405426025,0.15305165946483612,0.04107161983847618,0.007988671772181988,32
0.513285756111145,0.2770012617111206,0.14235608279705048,0.06735682487487793,32
0.6822342276573181,0.16966652870178223,0.07726182043552399,0.07083743065595627,32
0.3509764075279236,0.25651660561561584,0.2146807461977005,0.17782622575759888,32
0.936674952507019,0.030824340879917145,0.018302416428923607,0.014198290184140205,32
0.4350004494190216,0.25618699193000793,0.2355908304452896,0.07322175055742264,33
0.4565427601337433,0.2969808578491211,0.14056016504764557,0.10591620206832886,33
0.4097958207130432,0.24949026107788086,0.23869532346725464,0.10201858729124069,33
0.48527640104293823,0.2790609896183014,0.17639847099781036,0.05926409363746643,33
0.32136595249176025,0.2940959930419922,0.2727412283420563,0.11179684102535248,33
0.8017645478248596,0.09279730170965195,0.08429954200983047,0.02113870345056057,33
0.45808839797973633,0.4237489402294159,0.06736425310373306,0.050798363983631134,33
0.4692680239677429,0.45905008912086487,0.051119446754455566,0.0205624308437109,33
0.37021249532699585,0.3049056828022003,0.19614484906196594,0.1287369579076767,34
0.33567434549331665,0.3229063153266907,0.3010382354259491,0.04038113355636597,34
0.45322930812835693,0.300403356552124,0.16962823271751404,0.07673909515142441,34
0.5848302841186523,0.2597174048423767,0.07886897027492523,0.07658331096172333,34
0.6341610550880432,0.22944843769073486,0.07246793806552887,0.06392262130975723,34
0.7206494212150574,0.15138733386993408,0.09295354038476944,0.03500969707965851,34
0.5186646580696106,0.2112107127904892,0.17747583985328674,0.09264881908893585,35
0.4903160333633423,0.22541001439094543,0.14908069372177124,0.13519327342510223,35
0.8044269680976868,0.10062237083911896,0.07462557405233383,0.020325157791376114,35
0.718923032283783,0.1891947239637375,0.06052936613559723,0.0313529297709465,35
0.7663065195083618,0.14082501828670502,0.06577284634113312,0.02709558792412281,35
0.48189520835876465,0.33938735723495483,0.10118035972118378,0.07753708958625793,35
0.5274394750595093,0.1933237463235855,0.1885729432106018,0.0906638503074646,35
0.9254198670387268,0.04382068291306496,0.02677098847925663,0.003988392185419798,35
0.4331313967704773,0.2569068968296051,0.23193500936031342,0.07802663743495941,36
0.4565427601337433,0.2969808578491211,0.14056016504764557,0.10591620206832886,36
0.4941863715648651,0.2872803807258606,0.18207809329032898,0.036455120891332626,36
0.5895386338233948,0.19046682119369507,0.19012024998664856,0.029874296858906746,36
0.3071404695510864,0.29907292127609253,0.276449590921402,0.11733704805374146,36
0.8017645478248596,0.09279730170965195,0.08429954200983047,0.02113870345056057,36
0.5664214491844177,0.20009662210941315,0.19843898713588715,0.035042904317379,36
0.8009340167045593,0.09172933548688889,0.06829290837049484,0.03904373198747635,36
0.7175421118736267,0.2147207111120224,0.03759974241256714,0.03013746812939644,36
0.5193437337875366,0.2546512484550476,0.15676021575927734,0.06924483180046082,37
0.5405071377754211,0.1807481199502945,0.14033955335617065,0.13840515911579132,37
0.43480539321899414,0.2633229196071625,0.18498799204826355,0.11688373982906342,37
0.7048574686050415,0.1753426194190979,0.08156394213438034,0.03823595866560936,37
0.3282235860824585,0.275576651096344,0.22862891852855682,0.16757084429264069,37
0.9089831113815308,0.042988184839487076,0.04090120643377304,0.007127460557967424,37
0.4596979022026062,0.21618680655956268,0.21379904448986053,0.11031625419855118,38
0.4565427601337433,0.2969808578491211,0.14056016504764557,0.10591620206832886,38
0.39932024478912354,0.26759767532348633,0.24116815626621246,0.09191396832466125,38
0.3649778962135315,0.33461055159568787,0.17429672181606293,0.1261148750782013,38
0.7214375138282776,0.22667966783046722,0.02880825102329254,0.023074552416801453,38
0.54637211561203,0.3390156328678131,0.07233366370201111,0.04227864369750023,38
0.547662079334259,0.3295268714427948,0.07981599867343903,0.042994994670152664,38
0.47883233428001404,0.23226964473724365,0.19644610583782196,0.09245195239782333,39
0.47980761528015137,0.3921509385108948,0.07522901892662048,0.052812397480010986,39
0.510910153388977,0.22831007838249207,0.21004793047904968,0.05073179677128792,39
0.4809842109680176,0.1820831596851349,0.1811433732509613,0.15578928589820862,39
0.9057791233062744,0.05496973544359207,0.03279905766248703,0.0064520384185016155,39
0.3730047941207886,0.23867954313755035,0.2068575918674469,0.18145805597305298,39
0.9362738132476807,0.03691983222961426,0.02226894721388817,0.004537418019026518,39
0.3548220098018646,0.29967331886291504,0.27355310320854187,0.07195157557725906,40
0.6854948997497559,0.16291771829128265,0.12946584820747375,0.022121509537100792,40
0.881685197353363,0.05923411622643471,0.04862114042043686,0.010459431447088718,40
0.8047111630439758,0.10675347596406937,0.04988337680697441,0.0386519618332386,40
0.39498504996299744,0.2833116352558136,0.2481805980205536,0.07352272421121597,40
0.7098600268363953,0.15451237559318542,0.09884349256753922,0.03678412362933159,40
0.425058513879776,0.34302929043769836,0.18647879362106323,0.04543339088559151,41
0.5505335927009583,0.27476727962493896,0.11607054620981216,0.05862860754132271,41
0.3624754250049591,0.283911794424057,0.21431075036525726,0.13930204510688782,41
0.3618603050708771,0.29585886001586914,0.1894531548023224,0.15282760560512543,41
0.3374083936214447,0.2990890145301819,0.2181691825389862,0.1453334242105484,41
0.8017645478248596,0.09279730170965195,0.08429954200983047,0.02113870345056057,41
0.6763253211975098,0.23222215473651886,0.04605114459991455,0.04540136829018593,41
0.37948504090309143,0.36496442556381226,0.19089537858963013,0.06465519219636917,42
0.795957624912262,0.10040909796953201,0.09292987734079361,0.010703417472541332,42
0.5489440560340881,0.2890811860561371,0.09039836376905441,0.07157644629478455,42
0.5264316201210022,0.18262441456317902,0.17395427823066711,0.11698975414037704,42
0.8221757411956787,0.12585940957069397,0.040736161172389984,0.011228648945689201,42
0.4648784399032593,0.3826904296875,0.08911827206611633,0.06331288814544678,42
0.4459332823753357,0.35195013880729675,0.13491936028003693,0.06719717383384705,42
0.9596303701400757,0.023548264056444168,0.011327824555337429,0.005493582226336002,42
0.5135698318481445,0.20472115278244019,0.20186059176921844,0.07984838634729385,43
0.42850449681282043,0.27632156014442444,0.2552410066127777,0.03993295878171921,43
0.5070130825042725,0.3596316874027252,0.08660466223955154,0.04675060138106346,43
0.5330325365066528,0.2447718232870102,0.18460136651992798,0.0375942662358284,43
0.6268901228904724,0.1311219036579132,0.12325433641672134,0.11873362958431244,43
0.7045780420303345,0.16570763289928436,0.09610986709594727,0.033604495227336884,43
0.6822342276573181,0.16966652870178223,0.07726182043552399,0.07083743065595627,43
0.577275812625885,0.22162024676799774,0.1205616369843483,0.08054231852293015,43
0.9566888809204102,0.026132795959711075,0.0109202079474926,0.00625819293782115,43
0.5144582390785217,0.27117252349853516,0.15962256491184235,0.05474661663174629,44
0.9055392742156982,0.05873676761984825,0.0336255207657814,0.0020985277369618416,44
0.6544384360313416,0.19596515595912933,0.10769791901111603,0.04189842939376831,44
0.4619957208633423,0.25329938530921936,0.24157579243183136,0.04312906786799431,44
0.38136085867881775,0.3177681267261505,0.21289050579071045,0.08798052370548248,44
0.3244810402393341,0.2880907654762268,0.2696700990200043,0.1177581250667572,44
0.5206400752067566,0.16881798207759857,0.164455845952034,0.14608608186244965,45
0.37698522210121155,0.2918698489665985,0.1772271692752838,0.15391772985458374,45
0.7938742637634277,0.14079175889492035,0.05012984201312065,0.015204121358692646,45
0.4648784399032593,0.3826904296875,0.08911827206611633,0.06331288814544678,45
0.4562555253505707,0.4240524470806122,0.09344931691884995,0.026242712512612343,45
0.5568984746932983,0.34741759300231934,0.054954104125499725,0.0407298319041729,45
0.4252834618091583,0.3324340879917145,0.2003268599510193,0.041955601423978806,46
0.8451092839241028,0.09208637475967407,0.045822400599718094,0.01698194444179535,46
0.9316560626029968,0.038038790225982666,0.025934133678674698,0.004371035378426313,46
0.4464709162712097,0.4091860055923462,0.08692221343517303,0.057420916855335236,46
0.8695840835571289,0.09663479775190353,0.030339324846863747,0.0034417533315718174,46
0.5763487219810486,0.16662615537643433,0.14513655006885529,0.11188862472772598,47
0.3800290524959564,0.3607524633407593,0.16078610718250275,0.09843233972787857,47
0.3912980258464813,0.330516517162323,0.16993731260299683,0.10824811458587646,47
0.7449138760566711,0.10664813220500946,0.07958807051181793,0.06884989142417908,47
0.741859495639801,0.16510051488876343,0.06524241715669632,0.027797583490610123,47
0.8607931137084961,0.08441008627414703,0.04447251930832863,0.010324256494641304,47
0.5151734948158264,0.33982205390930176,0.11077115684747696,0.03423329070210457,48
0.40891095995903015,0.3022208511829376,0.2276105284690857,0.061257679015398026,48
0.5508997440338135,0.31855082511901855,0.08313819020986557,0.04741121828556061,48
0.6638416647911072,0.27467527985572815,0.047618888318538666,0.013864138163626194,48
0.5136436223983765,0.2605796754360199,0.12013520300388336,0.10564152151346207,48
0.722474992275238,0.14946682751178741,0.06924063712358475,0.058817602694034576,48
0.47405970096588135,0.34060990810394287,0.10065052658319473,0.08467988669872284,48
0.46005046367645264,0.21680587530136108,0.17466680705547333,0.14847683906555176,49
0.8093181252479553,0.12738165259361267,0.057527486234903336,0.005772732198238373,49
0.8520779013633728,0.07020367681980133,0.06281399726867676,0.014904506504535675,49
0.7138277888298035,0.20567800104618073,0.05783914402127266,0.02265504002571106,49
0.7711650729179382,0.1012248769402504,0.09853661805391312,0.029073430225253105,49
0.44493699073791504,0.4266677498817444,0.07754513621330261,0.050850026309490204,49
0.3659031093120575,0.3414016366004944,0.18955981731414795,0.10313545912504196,50
0.7270427346229553,0.1503811925649643,0.10663917660713196,0.015936946496367455,50
0.5355706214904785,0.34756967425346375,0.07581180334091187,0.04104788228869438,50
0.42820194363594055,0.22118200361728668,0.21451224386692047,0.13610383868217468,50
0.6335799694061279,0.23722892999649048,0.06702888011932373,0.06216227263212204,50
0.8045722842216492,0.09992143511772156,0.07174531370401382,0.023760948330163956,50
0.5196768045425415,0.1810426563024521,0.170833557844162,0.12844699621200562,51
0.6610085368156433,0.18429578840732574,0.13953620195388794,0.01515942718833685,51
0.43931129574775696,0.3736061155796051,0.1167260929942131,0.07035643607378006,51
0.581519365310669,0.2271358221769333,0.15101610124111176,0.04032868146896362,51
0.6691634058952332,0.26311349868774414,0.03717178851366043,0.0305513646453619,51
0.4648784399032593,0.3826904296875,0.08911827206611633,0.06331288814544678,51
0.6397713422775269,0.26877719163894653,0.07010967284440994,0.02134179323911667,51
0.6870288252830505,0.20586323738098145,0.09372112900018692,0.013386820442974567,52
0.42146575450897217,0.3299162685871124,0.1835983842611313,0.06501957029104233,52
0.5723703503608704,0.1969463974237442,0.150182843208313,0.08050046861171722,52
0.4011937379837036,0.4001865088939667,0.12556049227714539,0.07305919378995895,52
0.9026669859886169,0.05121404305100441,0.037867169827222824,0.008251799270510674,52
0.49898430705070496,0.34460946917533875,0.1001763790845871,0.056229833513498306,52
0.7740446329116821,0.08889140188694,0.06922133266925812,0.06784269213676453,53
0.6866446137428284,0.13476350903511047,0.1309710144996643,0.04762091860175133,53
0.40977150201797485,0.3312056064605713,0.14467695355415344,0.11434591561555862,53
0.8539036512374878,0.08894135057926178,0.0454934798181057,0.011661477386951447,53
0.48511433601379395,0.36979880928993225,0.07998009026050568,0.06510680168867111,53
0.4331412613391876,0.4284995198249817,0.08530227094888687,0.05305693671107292,53
0.45096075534820557,0.20382848381996155,0.2029932588338852,0.1422174572944641,54
0.6412316560745239,0.18864822387695312,0.11089017242193222,0.0592300184071064,54
0.6041367650032043,0.23419666290283203,0.0948842391371727,0.06678233295679092,54
0.43791112303733826,0.42556700110435486,0.08508345484733582,0.0514383465051651,54
0.6100888252258301,0.17458602786064148,0.15204980969429016,0.06327541172504425,54
0.6317335367202759,0.2519420385360718,0.08115638792514801,0.035168103873729706,54
0.4301777482032776,0.34095528721809387,0.13783299922943115,0.0910339429974556,55
0.4187963306903839,0.2994219660758972,0.16378580033779144,0.11799581348896027,55
0.6794521808624268,0.19551917910575867,0.08455805480480194,0.04047065228223801,55
0.8001947999000549,0.09674929082393646,0.06039896607398987,0.042656850069761276,55
0.727869987487793,0.14052356779575348,0.09440004825592041,0.037206389009952545,55
0.6743934750556946,0.18882596492767334,0.06983011960983276,0.06695040315389633,55
0.4358496069908142,0.2899330258369446,0.2412862926721573,0.03293108940124512,56
0.4133009910583496,0.35469409823417664,0.13487517833709717,0.0971297100186348,56
0.6349933743476868,0.17156843841075897,0.17092861235141754,0.022509563714265823,56
0.5922788977622986,0.2361668348312378,0.1130794882774353,0.05847475305199623,56
0.8017645478248596,0.09279730170965195,0.08429954200983047,0.02113870345056057,56
0.4557923674583435,0.33824992179870605,0.16078168153762817,0.04517604038119316,57
0.2607584595680237,0.25340428948402405,0.2474859207868576,0.23835130035877228,57
0.4708814024925232,0.3359975814819336,0.10826489329338074,0.08485616743564606,57
0.8017645478248596,0.09279730170965195,0.08429954200983047,0.02113870345056057,57
0.5738811492919922,0.2299182265996933,0.09825950860977173,0.09794111549854279,57
0.34471404552459717,0.3322407305240631,0.2025071680545807,0.12053798884153366,58
0.33074888586997986,0.2855944037437439,0.22967782616615295,0.15397889912128448,58
0.5348566174507141,0.28849291801452637,0.10686597973108292,0.06978451460599899,58
0.7765650749206543,0.1263764351606369,0.07475210726261139,0.02230638824403286,58
0.3508119583129883,0.3273930847644806,0.2796676754951477,0.04212729260325432,58
0.5026092529296875,0.33385780453681946,0.0897970050573349,0.07373591512441635,58
0.409442663192749,0.3984052538871765,0.1550293266773224,0.03712272644042969,59
0.39782872796058655,0.35607513785362244,0.1606687754392624,0.08542733639478683,59
0.5834946632385254,0.2781394422054291,0.07288172841072083,0.0654841884970665,59
0.8409827947616577,0.11090777069330215,0.041221119463443756,0.006888361182063818,59
0.8489553928375244,0.07244068384170532,0.06559553742408752,0.01300834771245718,59
0.5491549968719482,0.3287254869937897,0.08099759370088577,0.04112197831273079,59
0.8149005174636841,0.14006850123405457,0.039247967302799225,0.005782942287623882,59
0.9297531843185425,0.03690583258867264,0.019970310851931572,0.013370722532272339,59
0.39969077706336975,0.2767608165740967,0.20646724104881287,0.11708122491836548,60
0.6941835284233093,0.17751196026802063,0.1149032711982727,0.013401196338236332,60
0.7085642218589783,0.15077011287212372,0.07098086178302765,0.06968478113412857,60
0.9189784526824951,0.046180710196495056,0.029210545122623444,0.005630351137369871,60
0.639611542224884,0.20499072968959808,0.10632304847240448,0.049074701964855194,60
0.8894399404525757,0.053571220487356186,0.04778299853205681,0.009205812588334084,60
0.578805685043335,0.2887217402458191,0.11483737826347351,0.0176351647824049,61
0.6987191438674927,0.18781964480876923,0.07646510750055313,0.03699617087841034,61
0.6874271035194397,0.20436783134937286,0.05462641268968582,0.05357867106795311,61
0.771469235420227,0.09977223724126816,0.07832030951976776,0.050438228994607925,61
0.9086573123931885,0.04761537164449692,0.036628302186727524,0.007098967209458351,61
0.7848843932151794,0.1350984275341034,0.04515345022082329,0.034863825887441635,61
0.8199006915092468,0.1429029405117035,0.029984556138515472,0.007211850956082344,61
0.5659118890762329,0.18839721381664276,0.12341907620429993,0.12227176874876022,62
0.4429333806037903,0.2703658938407898,0.23922611773014069,0.04747458174824715,62
0.4591998755931854,0.40259480476379395,0.07938780635595322,0.05881756544113159,62
0.9301303029060364,0.039083611220121384,0.02635286934673786,0.0044332342222332954,62
0.8001947999000549,0.09674929082393646,0.06039896607398987,0.042656850069761276,62
0.8915557861328125,0.05400267243385315,0.045425962656736374,0.00901559367775917,62
0.44795769453048706,0.3338550627231598,0.1719346046447754,0.04625258222222328,63
0.4403216242790222,0.31042975187301636,0.18903310596942902,0.060215532779693604,63
0.505147397518158,0.3646818995475769,0.08395928889513016,0.046211373060941696,63
0.7982739806175232,0.145633727312088,0.04359351471066475,0.012498775497078896,63
0.6718202233314514,0.20701324939727783,0.06072735786437988,0.06043916940689087,63
0.6755979061126709,0.27714523673057556,0.037744875997304916,0.009511937387287617,63
0.37988051772117615,0.35730066895484924,0.2214736044406891,0.04134529456496239,64
0.3373146951198578,0.25354859232902527,0.21809269487857819,0.19104409217834473,64
0.6343632340431213,0.243337482213974,0.06609448045492172,0.056204814463853836,64
0.3702981472015381,0.3076286315917969,0.23020507395267487,0.09186811000108719,64
0.5018714070320129,0.4106409251689911,0.06347371637821198,0.024014025926589966,64
0.8988456130027771,0.049254998564720154,0.044033389538526535,0.007866071537137032,64
0.9497025012969971,0.02888472191989422,0.013719129376113415,0.0076938048005104065,64
0.44586554169654846,0.30577969551086426,0.20183005928993225,0.046524710953235626,65
0.5039169788360596,0.1768326759338379,0.1600603312253952,0.15919002890586853,65
0.8804345726966858,0.058751314878463745,0.05080776289105415,0.010006320662796497,65
0.4923078119754791,0.2839927077293396,0.14941111207008362,0.07428835332393646,65
0.45130500197410583,0.32863733172416687,0.17277736961841583,0.047280244529247284,66
0.40588364005088806,0.2822282910346985,0.22966068983078003,0.08222731202840805,66
0.43931129574775696,0.3736061155796051,0.1167260929942131,0.07035643607378006,66
0.8331250548362732,0.08949955552816391,0.06252077221870422,0.014854616485536098,66
0.8613966703414917,0.08977619558572769,0.027001475915312767,0.021825650706887245,66
0.43791112303733826,0.42556700110435486,0.08508345484733582,0.0514383465051651,66
0.6169771552085876,0.3090457618236542,0.05755643546581268,0.016420630738139153,66
0.5843801498413086,0.2530348002910614,0.09711800515651703,0.06546696275472641,67
0.39485564827919006,0.3187916874885559,0.17928661406040192,0.10706603527069092,67
0.5133260488510132,0.29666832089424133,0.12028031051158905,0.06972528249025345,67
0.550883412361145,0.3546109199523926,0.06423817574977875,0.030267532914876938,67
0.6561042070388794,0.2155536413192749,0.06689971685409546,0.06144246086478233,67
0.42486274242401123,0.4060102701187134,0.0941087082028389,0.07501831650733948,67
0.5070597529411316,0.19754283130168915,0.1540590524673462,0.14133837819099426,68
0.3226616084575653,0.2969319522380829,0.25346630811691284,0.12694017589092255,68
0.34549498558044434,0.33542656898498535,0.23806330561637878,0.08101512491703033,68
0.54888516664505,0.2032112330198288,0.17325282096862793,0.07465075701475143,68
0.8026255369186401,0.10655586421489716,0.07071255147457123,0.020106075331568718,68
0.5379570722579956,0.21103085577487946,0.20308931171894073,0.0479227639734745,68
0.3654402494430542,0.3458836078643799,0.17787930369377136,0.11079682409763336,68
0.32546964287757874,0.31534242630004883,0.18752498924732208,0.17166292667388916,69
0.5316209197044373,0.21279647946357727,0.1691177636384964,0.08646483719348907,69
0.6745451092720032,0.2464981973171234,0.053141798824071884,0.025814853608608246,69
0.7086241841316223,0.18971329927444458,0.05278949812054634,0.048872992396354675,69
0.7633839845657349,0.11861030757427216,0.09011715650558472,0.027888571843504906,69
0.5508047938346863,0.3413350284099579,0.07011321187019348,0.037746917456388474,69
0.3896762430667877,0.3439687490463257,0.1516769677400589,0.11467807739973068,70
0.30462658405303955,0.25532135367393494,0.24729163944721222,0.1927604079246521,70
0.5057902336120605,0.3507888615131378,0.08104212582111359,0.06237877532839775,70
0.8060576915740967,0.10757443308830261,0.052565786987543106,0.03380212187767029,70
0.5813152194023132,0.19618229568004608,0.11427412182092667,0.10822836309671402,70
0.6817171573638916,0.1819288581609726,0.06892871111631393,0.06742525100708008,70
0.3429570198059082,0.3311472535133362,0.22510458528995514,0.10079110413789749,71
0.34301918745040894,0.34128859639167786,0.1862327605485916,0.12945951521396637,71
0.5857318043708801,0.24046707153320312,0.1283629685640335,0.04543820396065712,71
0.6897391676902771,0.18379546701908112,0.06586594879627228,0.06059945002198219,71
0.7298476696014404,0.15364806354045868,0.0821698009967804,0.034334443509578705,71
0.44943827390670776,0.4129732549190521,0.08348985016345978,0.054098643362522125,71
0.3299744427204132,0.304590106010437,0.26293647289276123,0.10249899327754974,72
0.6973268985748291,0.17136481404304504,0.11904490739107132,0.01226343959569931,72
0.500140368938446,0.36005088686943054,0.08894920349121094,0.050859514623880386,72
0.6776520609855652,0.18397323787212372,0.07268086075782776,0.06569390743970871,72
0.6335657835006714,0.19681915640830994,0.11810202896595001,0.051513005048036575,72
0.8046608567237854,0.11935519427061081,0.054070666432380676,0.021913254633545876,72
0.477997750043869,0.4316706955432892,0.07098369300365448,0.019347839057445526,73
0.4566582143306732,0.2710765600204468,0.15040084719657898,0.12186437845230103,73
0.6369508504867554,0.24003376066684723,0.0629972517490387,0.060018185526132584,73
0.5086167454719543,0.4165419042110443,0.048488549888134,0.026352861896157265,73
0.5072133541107178,0.2407393753528595,0.1928095519542694,0.059237636625766754,73
0.5291218757629395,0.2564401626586914,0.11019298434257507,0.10424491763114929,73
0.9514513611793518,0.03033660352230072,0.011528300121426582,0.006683729123324156,73
0.32424575090408325,0.32013383507728577,0.31772685050964355,0.03789360076189041,74
0.5375340580940247,0.2587447762489319,0.18094784021377563,0.022773297503590584,74
0.881578266620636,0.0772114247083664,0.032786089926958084,0.008424249477684498,74
0.36735624074935913,0.2552550435066223,0.24356119334697723,0.13382747769355774,74
0.6808702945709229,0.15281786024570465,0.09824695438146591,0.06806487590074539,74
0.915591299533844,0.0443962998688221,0.03370984271168709,0.006302592344582081,74
0.7844498157501221,0.12978686392307281,0.07470126450061798,0.011062070727348328,74
0.5152435302734375,0.20043741166591644,0.19833989441394806,0.0859791487455368,75
0.5657417178153992,0.3468528091907501,0.054106663912534714,0.03329874575138092,75
0.6136781573295593,0.18642929196357727,0.12183055281639099,0.07806200534105301,75
0.3114486634731293,0.3064568042755127,0.19123238325119019,0.19086211919784546,75
0.9249640107154846,0.0477348193526268,0.02304229699075222,0.004258887842297554,75
0.8819102048873901,0.1016320213675499,0.013511515222489834,0.0029462636448442936,75
0.5815690755844116,0.18474708497524261,0.1297191083431244,0.10396470129489899,76
0.46179136633872986,0.2793444097042084,0.2178235650062561,0.04104065150022507,76
0.3966265916824341,0.3272421360015869,0.21254195272922516,0.06358933448791504,76
0.695385217666626,0.22294877469539642,0.058798324316740036,0.02286761999130249,76
0.6161485314369202,0.29336127638816833,0.04797247052192688,0.0425177700817585,76
0.6062605381011963,0.2623181939125061,0.10491050034761429,0.026510752737522125,76
0.590505838394165,0.312581866979599,0.054185740649700165,0.042726561427116394,76
0.5866208076477051,0.2782838046550751,0.11713283509016037,0.017962530255317688,77
0.3980858623981476,0.2840469479560852,0.18392841517925262,0.13393868505954742,77
0.4366244673728943,0.29623231291770935,0.19003580510616302,0.07710748165845871,77
0.8017645478248596,0.09279730170965195,0.08429954200983047,0.02113870345056057,77
0.42558762431144714,0.25480878353118896,0.1650514006614685,0.15455220639705658,77
0.5212545990943909,0.29043981432914734,0.0961909368634224,0.09211467951536179,78
0.4022917151451111,0.3792002201080322,0.1349618285894394,0.08354616910219193,78
0.9185463786125183,0.04855327308177948,0.026282429695129395,0.00661797821521759,78
0.6815447211265564,0.13635249435901642,0.13486094772815704,0.04724181815981865,78
0.631697952747345,0.24124714732170105,0.08319073915481567,0.04386415705084801,78
0.4684212803840637,0.4316728711128235,0.06115021929144859,0.038755662739276886,78
0.4648784399032593,0.3826904296875,0.08911827206611633,0.06331288814544678,78
0.5612651109695435,0.35380345582962036,0.05747335031628609,0.02745811827480793,79
0.35028213262557983,0.33247002959251404,0.2182084321975708,0.09903941303491592,79
0.6430301666259766,0.19273191690444946,0.11501900851726532,0.04921892285346985,79
0.5523316264152527,0.33749333024024963,0.06945934146642685,0.04071570932865143,79
0.7131080031394958,0.19741302728652954,0.046793192625045776,0.042685750871896744,79
0.6975145936012268,0.1686832457780838,0.07692259550094604,0.05687960609793663,79
0.47749677300453186,0.23749583959579468,0.14746077358722687,0.1375465989112854,79
0.9135103821754456,0.053147949278354645,0.02006056345999241,0.013281106017529964,79
0.3586171269416809,0.2785097360610962,0.2542731761932373,0.10860002785921097,80
0.4210719168186188,0.2767525017261505,0.20472565293312073,0.0974498838186264,80
0.5389034748077393,0.19714871048927307,0.18161052465438843,0.08233731985092163,80
0.4530937373638153,0.31023529171943665,0.125288188457489,0.11138274520635605,80
0.639611542224884,0.20499072968959808,0.10632304847240448,0.049074701964855194,80
0.5461678504943848,0.3170686364173889,0.06887315958738327,0.06789036095142365,80
0.5110220313072205,0.2985795736312866,0.13697445392608643,0.05342394858598709,80
0.609283983707428,0.30358919501304626,0.05838172137737274,0.028745098039507866,81
0.35140344500541687,0.32743039727211,0.21940511465072632,0.10176100581884384,81
0.736456573009491,0.13246072828769684,0.0987771600484848,0.0323055125772953,81
0.5196173191070557,0.3925657272338867,0.05323781818151474,0.03457910194993019,81
0.5442247986793518,0.31687870621681213,0.07144421339035034,0.06745228171348572,81
0.4964960813522339,0.19189947843551636,0.1725555807352066,0.13904885947704315,81
0.8411783576011658,0.10730308294296265,0.028023893013596535,0.023494623601436615,81
0.49248167872428894,0.3311605453491211,0.15657711029052734,0.01978074386715889,82
0.41129639744758606,0.21371187269687653,0.19027642905712128,0.18471533060073853,82
0.7781254649162292,0.12223891168832779,0.05794398859143257,0.0416916199028492,82
0.7112427949905396,0.1584065705537796,0.10004211217164993,0.030308527871966362,82
0.42196816205978394,0.2730311155319214,0.18537043035030365,0.11963029205799103,82
0.6937874555587769,0.1542041152715683,0.11177057027816772,0.04023783281445503,82
0.5097662210464478,0.3783790171146393,0.0891101211309433,0.022744642570614815,83
0.3548855185508728,0.22399330139160156,0.2238188534975052,0.19730228185653687,83
0.46437782049179077,0.4043121635913849,0.07737819105386734,0.053931865841150284,83
0.7798860669136047,0.1046510562300682,0.09283328056335449,0.022629637271165848,83
0.5978352427482605,0.2669857144355774,0.0913449302315712,0.04383409023284912,83
0.6043531894683838,0.1994943618774414,0.10773848742246628,0.08841399848461151,84
0.5224586725234985,0.2193806916475296,0.21181084215641022,0.046349793672561646,84
0.4340526759624481,0.24207812547683716,0.18682849407196045,0.1370406448841095,84
0.4409373998641968,0.23618775606155396,0.17665331065654755,0.1462216079235077,85
0.47321978211402893,0.2603040933609009,0.23931141197681427,0.027164747938513756,85
0.37053564190864563,0.3218318521976471,0.2181311398744583,0.08950132131576538,85
0.7847556471824646,0.09780695289373398,0.09539701789617538,0.02204030379652977,85
0.8017645478248596,0.09279730170965195,0.08429954200983047,0.02113870345056057,85
0.7437636256217957,0.1708606630563736,0.06170069798827171,0.023674987256526947,85
0.5997489094734192,0.30021876096725464,0.05487024411559105,0.04516206309199333,85
0.4649178087711334,0.2834540605545044,0.20137204229831696,0.05025605857372284,86
0.7042317986488342,0.10580860823392868,0.1033722534775734,0.08658726513385773,86
0.4743513762950897,0.214336097240448,0.1669570505619049,0.14435546100139618,86
0.765498697757721,0.1319589912891388,0.0763852596282959,0.026156991720199585,86
0.8017645478248596,0.09279730170965195,0.08429954200983047,0.02113870345056057,86
0.8875746130943298,0.05429993197321892,0.04843283072113991,0.009692637249827385,86
0.4229294955730438,0.2847004234790802,0.15489976108074188,0.1374703049659729,87
0.4549499750137329,0.37689119577407837,0.15277691185474396,0.01538185216486454,87
0.7552183866500854,0.15023353695869446,0.07094930857419968,0.02359878644347191,87
0.33325937390327454,0.23830515146255493,0.23050761222839355,0.19792789220809937,87
0.6137545108795166,0.21060113608837128,0.1216440200805664,0.05400034412741661,87
0.8601540923118591,0.07320904731750488,0.05417747423052788,0.01245939265936613,87
0.5119413137435913,0.23153476417064667,0.16892458498477936,0.08759931474924088,88
0.4210719168186188,0.2767525017261505,0.20472565293312073,0.0974498838186264,88
0.680690348148346,0.15555086731910706,0.11965292692184448,0.044105831533670425,88
0.7848843932151794,0.1350984275341034,0.04515345022082329,0.034863825887441635,88
0.4909469485282898,0.35953590273857117,0.08045348525047302,0.06906361877918243,88
0.5176807045936584,0.3417466878890991,0.09485583007335663,0.04571682587265968,88
0.955539345741272,0.02535839192569256,0.0169848445802927,0.0021174619905650616,88
0.40285709500312805,0.30726683139801025,0.1517161726951599,0.138159841299057,89
0.532220184803009,0.21617084741592407,0.21116410195827484,0.04044488072395325,89
0.9174586534500122,0.045797187834978104,0.03142443299293518,0.005319741554558277,89
0.43279582262039185,0.4076818525791168,0.12604643404483795,0.033475954085588455,89
0.606838583946228,0.2784361243247986,0.07778682559728622,0.03693844750523567,89
0.47683224081993103,0.21838048100471497,0.2013389766216278,0.103448286652565,90
0.42667096853256226,0.4019264280796051,0.12623539566993713,0.04516714811325073,90
0.6388769745826721,0.18270665407180786,0.09215683490037918,0.08625958114862442,90
0.8340399861335754,0.11939191818237305,0.036848366260528564,0.009719736874103546,90
0.8051681518554688,0.09349533170461655,0.05647555738687515,0.04486100375652313,90
0.5207841396331787,0.3471241891384125,0.08757048845291138,0.04452122002840042,90
0.42712679505348206,0.4150325357913971,0.13204210996627808,0.02579858899116516,91
0.43589940667152405,0.3304455578327179,0.18047447502613068,0.05318060144782066,91
0.8995023965835571,0.06930644065141678,0.025316765531897545,0.005874406546354294,91
0.886198878288269,0.06361681967973709,0.04095999523997307,0.009224343113601208,91
0.3749084174633026,0.3352436423301697,0.2301636040210724,0.05968434736132622,91
0.3999960422515869,0.2862005829811096,0.2595058083534241,0.054297611117362976,92
0.28290221095085144,0.2827874720096588,0.223783940076828,0.21052642166614532,92
0.8950008153915405,0.055902644991874695,0.04086820036172867,0.008228346705436707,92
0.7851890325546265,0.13889436423778534,0.05816749855875969,0.017749054357409477,92
0.6356130242347717,0.23428210616111755,0.06874215602874756,0.06136268377304077,92
0.7622242569923401,0.11303456872701645,0.09625279903411865,0.028488444164395332,92
0.3711864650249481,0.36698755621910095,0.19286374747753143,0.06896216422319412,93
0.6439806222915649,0.23732002079486847,0.10312969982624054,0.015569624491035938,93
0.49826663732528687,0.36144980788230896,0.08861570805311203,0.051667820662260056,93
0.37070342898368835,0.3037510812282562,0.20263917744159698,0.12290633469820023,93
0.6822342276573181,0.16966652870178223,0.07726182043552399,0.07083743065595627,93
0.42131227254867554,0.3850584328174591,0.11096999794244766,0.08265933394432068,93
0.6816456317901611,0.21655359864234924,0.07288061082363129,0.02892015315592289,93
0.4179989993572235,0.3036927580833435,0.2123216986656189,0.06598655134439468,94
0.5326910614967346,0.29820990562438965,0.13140976428985596,0.0376892164349556,94
0.8194022178649902,0.08410556614398956,0.07793248444795609,0.018559765070676804,94
0.5153141617774963,0.22534050047397614,0.1723482459783554,0.08699706196784973,94
0.8051681518554688,0.09349533170461655,0.05647555738687515,0.04486100375652313,94
0.8490773439407349,0.07639756798744202,0.05807328596711159,0.016451813280582428,94
0.36669886112213135,0.30164480209350586,0.2840028703212738,0.04765348508954048,95
0.6887127161026001,0.1387706696987152,0.12251405417919159,0.05000251531600952,95
0.5859740972518921,0.29294607043266296,0.10133882611989975,0.01974106952548027,95
0.8473619818687439,0.08536288142204285,0.05400976538658142,0.013265390880405903,95
0.571095883846283,0.2510697543621063,0.0898534283041954,0.08798094838857651,95
0.45106053352355957,0.4356463849544525,0.06708495318889618,0.04620812088251114,95
0.9245423078536987,0.05319110304117203,0.012629318982362747,0.00963728316128254,95
0.47556203603744507,0.2120368480682373,0.19198566675186157,0.12041543424129486,96
0.6736647486686707,0.1586950570344925,0.15083035826683044,0.016809774562716484,96
0.6530435085296631,0.19315040111541748,0.102846160531044,0.05095989629626274,96
0.5450676679611206,0.2794175446033478,0.11856593191623688,0.056948814541101456,96
0.39508214592933655,0.32064127922058105,0.15447397530078888,0.1298026740550995,96
0.5096687078475952,0.19310303032398224,0.17571339011192322,0.12151487916707993,96
0.8293660283088684,0.08313685655593872,0.07118996977806091,0.016307055950164795,96
0.6822342276573181,0.16966652870178223,0.07726182043552399,0.07083743065595627,96
0.9299880266189575,0.04735011234879494,0.012656287290155888,0.010005651973187923,96
0.49980345368385315,0.17645005881786346,0.17312009632587433,0.15062639117240906,97
0.44071832299232483,0.3091443181037903,0.20254601538181305,0.04759128764271736,97
0.6562238931655884,0.19815389811992645,0.10109010338783264,0.044532109051942825,97
0.5024381875991821,0.2955017685890198,0.15955090522766113,0.04250920191407204,97
0.4821617007255554,0.3824866712093353,0.08534807711839676,0.050003621727228165,97
0.9276357293128967,0.04892145097255707,0.01997228153049946,0.0034705500584095716,97
0.49023160338401794,0.2229529768228531,0.182896226644516,0.10391917079687119,98
0.6736647486686707,0.1586950570344925,0.15083035826683044,0.016809774562716484,98
0.5004125237464905,0.38037335872650146,0.06694316864013672,0.05227091908454895,98
0.6037925481796265,0.2921634912490845,0.07399490475654602,0.030049005523324013,98
0.37010782957077026,0.3151710331439972,0.21063746511936188,0.10408368706703186,98
0.7658795714378357,0.15212252736091614,0.06351809203624725,0.018479740247130394,98
0.6822342276573181,0.16966652870178223,0.07726182043552399,0.07083743065595627,98
0.8054502606391907,0.1606396734714508,0.017265241593122482,0.016644857823848724,98
0.5405904054641724,0.1820015162229538,0.1690366566181183,0.10837142914533615,99
0.3112444579601288,0.2606959640979767,0.24315966665744781,0.18489991128444672,99
0.8487454652786255,0.11053692549467087,0.03198867291212082,0.00872894749045372,99
0.6718202233314514,0.20701324939727783,0.06072735786437988,0.06043916940689087,99
0.48777061700820923,0.2976914048194885,0.12445248663425446,0.09008540958166122,99
0.8008179664611816,0.09280016273260117,0.08278556913137436,0.023596322163939476,99
0.510262131690979,0.23236191272735596,0.1395515352487564,0.1178244799375534,100
0.4392789900302887,0.3314060866832733,0.1433679312467575,0.08594698458909988,100
0.8710948824882507,0.09577874839305878,0.026454906910657883,0.006671390496194363,100
0.6718202233314514,0.20701324939727783,0.06072735786437988,0.06043916940689087,100
0.45490193367004395,0.35320213437080383,0.10884840786457062,0.08304755389690399,100
0.8967782258987427,0.04963168874382973,0.045676615089178085,0.007913435809314251,100
0.45069870352745056,0.27385029196739197,0.14059095084667206,0.1348600834608078,101
0.4143907427787781,0.28800666332244873,0.16465410590171814,0.13294850289821625,101
0.42645400762557983,0.23447006940841675,0.17487001419067383,0.16420595347881317,101
0.5470322370529175,0.4003545939922333,0.03280831500887871,0.019804788753390312,101
0.8017645478248596,0.09279730170965195,0.08429954200983047,0.02113870345056057,101
0.4231109619140625,0.33715856075286865,0.1624855101108551,0.07724495232105255,101
0.6030070781707764,0.2835438847541809,0.06247125566005707,0.05097780004143715,101
0.4161403179168701,0.34533724188804626,0.16874398291110992,0.06977851688861847,102
0.6107057929039001,0.17550697922706604,0.15183807909488678,0.061949264258146286,102
0.5173042416572571,0.3649292290210724,0.07484845817089081,0.04291810467839241,102
0.8772138953208923,0.07084639370441437,0.0427616611123085,0.009177976287901402,102
0.8017645478248596,0.09279730170965195,0.08429954200983047,0.02113870345056057,102
0.4373437762260437,0.34270375967025757,0.15328867733478546,0.06666383147239685,102
0.6201152205467224,0.2767607271671295,0.05608905479311943,0.04703490808606148,102
0.4014279544353485,0.2964431345462799,0.16957789659500122,0.13255102932453156,103
0.3352169990539551,0.3216305077075958,0.30491331219673157,0.038239266723394394,103
0.6562238931655884,0.19815389811992645,0.10109010338783264,0.044532109051942825,103
0.8698096871376038,0.0882473886013031,0.03421380743384361,0.007729167118668556,103
0.8017645478248596,0.09279730170965195,0.08429954200983047,0.02113870345056057,103
0.540060818195343,0.31713783740997314,0.08934341371059418,0.05345788970589638,103
0.5458430051803589,0.3319924771785736,0.06761413812637329,0.05455033853650093,103
0.3467024564743042,0.298927366733551,0.2346683144569397,0.11970185488462448,104
0.35836416482925415,0.2833847999572754,0.19672280550003052,0.16152825951576233,104
0.5443204045295715,0.2171652466058731,0.13020789623260498,0.10830643028020859,104
0.37419164180755615,0.2831115424633026,0.1821315884590149,0.16056518256664276,104
0.695067286491394,0.2028435617685318,0.07275816798210144,0.02933092787861824,104
0.7917941808700562,0.09634684026241302,0.08689695596694946,0.024962028488516808,104
0.5867792367935181,0.18237555027008057,0.16154858469963074,0.06929666548967361,104
0.39585381746292114,0.2663770616054535,0.21853020787239075,0.11923891305923462,105
0.506672739982605,0.28642332553863525,0.17471659183502197,0.03218730539083481,105
0.43946224451065063,0.2577648460865021,0.1826784312725067,0.12009447067975998,105
0.395324170589447,0.2715113162994385,0.2092888057231903,0.12387572228908539,106
0.4583985507488251,0.2490963637828827,0.22728043794631958,0.06522468477487564,106
0.33512941002845764,0.29027441143989563,0.23375512659549713,0.1408410519361496,106
0.49593743681907654,0.2001355141401291,0.16234299540519714,0.14158408343791962,107
0.4645685851573944,0.24961070716381073,0.2133699655532837,0.07245069742202759,107
0.46898165345191956,0.2936874330043793,0.1304568648338318,0.10687398165464401,107
0.8805956840515137,0.07824843376874924,0.0328831672668457,0.008272706530988216,107
0.5409638285636902,0.24524438381195068,0.1284148395061493,0.08537699282169342,107
0.4391492009162903,0.2980799376964569,0.21829725801944733,0.04447361081838608,108
0.7494004964828491,0.08778807520866394,0.08227889984846115,0.0805324986577034,108
0.6076256632804871,0.22118550539016724,0.11797952651977539,0.05320931226015091,108
0.4558907747268677,0.2516861855983734,0.19331254065036774,0.09911052137613297,108
0.6897920370101929,0.20469433069229126,0.07503204792737961,0.030481556430459023,108
0.545956552028656,0.17256975173950195,0.16237793862819672,0.11909574270248413,108
0.6522706151008606,0.25862395763397217,0.06605764478445053,0.023047730326652527,108
0.38213685154914856,0.31199029088020325,0.1647903174161911,0.14108256995677948,109
0.5479192137718201,0.30546215176582336,0.132836252450943,0.013782340101897717,109
0.557853639125824,0.28104808926582336,0.10308811068534851,0.05801013484597206,109
0.8213790655136108,0.10404092073440552,0.05911093205213547,0.015469054691493511,109
0.4435897171497345,0.3155646026134491,0.20726598799228668,0.03357964754104614,109
0.3887503147125244,0.38334059715270996,0.13223066926002502,0.0956784263253212,109
0.40040507912635803,0.320696085691452,0.18266887962818146,0.09622994810342789,110
0.4765865206718445,0.29603973031044006,0.1714373230934143,0.05593644455075264,110
0.6783957481384277,0.2085934430360794,0.0570656955242157,0.055945105850696564,110
0.771469235420227,0.09977223724126816,0.07832030951976776,0.050438228994607925,110
0.8970396518707275,0.05188868194818497,0.04304669052362442,0.008025061339139938,110
0.7848843932151794,0.1350984275341034,0.04515345022082329,0.034863825887441635,110
0.4941485822200775,0.19790863990783691,0.17774885892868042,0.13019393384456635,110
0.7756069302558899,0.10678812861442566,0.10338718444108963,0.014217742718756199,110
0.5444286465644836,0.21527987718582153,0.1684252917766571,0.0718662217259407,111
0.5972571969032288,0.208425834774971,0.10093336552381516,0.09338366985321045,111
0.8539521098136902,0.0873618945479393,0.04640888422727585,0.012277164496481419,111
0.6050791144371033,0.3093588352203369,0.05633305385708809,0.02922900579869747,111
0.46241191029548645,0.29214489459991455,0.14059914648532867,0.10484401136636734,111
0.6787875294685364,0.1890592873096466,0.06680494546890259,0.0653483048081398,111
0.5400298237800598,0.26627102494239807,0.14800480008125305,0.045694369822740555,112
0.4106275737285614,0.2525651752948761,0.18959520757198334,0.14721207320690155,112
0.800154983997345,0.1538725644350052,0.034512490034103394,0.011459930799901485,112
0.4576849043369293,0.3632262945175171,0.1134883239865303,0.06560051441192627,112
0.5594269633293152,0.26716938614845276,0.12218921631574631,0.051214445382356644,112
0.4821012616157532,0.3506920635700226,0.09879274666309357,0.0684138759970665,112
0.45659664273262024,0.23158276081085205,0.15669067203998566,0.15512992441654205,113
0.3097876310348511,0.26612621545791626,0.22074441611766815,0.20334170758724213,113
0.8719412088394165,0.06228289380669594,0.05411339923739433,0.011662466451525688,113
0.4270339012145996,0.25325527787208557,0.1659269779920578,0.15378384292125702,113
0.7967532873153687,0.09360183775424957,0.08787296712398529,0.021771864965558052,113
0.8884504437446594,0.053242702037096024,0.04896320402622223,0.009343653917312622,113
0.5027917623519897,0.3470856249332428,0.13835462927818298,0.01176793035119772,114
0.6727800965309143,0.16213129460811615,0.14105959236621857,0.024028941988945007,114
0.5167386531829834,0.2252413034439087,0.1865963637828827,0.07142362743616104,114
0.6055691242218018,0.22330588102340698,0.11441180855035782,0.05671314522624016,114
0.8081085681915283,0.11932972073554993,0.05658852308988571,0.015973201021552086,114
0.9433724880218506,0.03870121017098427,0.013864878565073013,0.004061343148350716,114
0.42303866147994995,0.3193250298500061,0.12926441431045532,0.12837184965610504,115
0.7032074332237244,0.1439075469970703,0.13311658799648285,0.01976836659014225,115
0.5817903876304626,0.19706512987613678,0.18941792845726013,0.03172655031085014,115
0.4407097101211548,0.24166449904441833,0.2302519828081131,0.08737385272979736,115
0.5271360278129578,0.19944119453430176,0.13809551298618317,0.13532721996307373,115
0.42439067363739014,0.22955164313316345,0.20312641561031342,0.14293132722377777,115
0.784014880657196,0.1373249590396881,0.060063447803258896,0.018596678972244263,115
0.40932127833366394,0.2710879445075989,0.20161518454551697,0.1179756447672844,116
0.5975243449211121,0.1917196363210678,0.18599824607372284,0.024757804349064827,116
0.41576460003852844,0.22261641919612885,0.18513669073581696,0.17648234963417053,116
0.9033645391464233,0.057946380227804184,0.03179240971803665,0.006896649021655321,116
0.3867607116699219,0.2745930254459381,0.23311394453048706,0.10553222894668579,116
0.691497266292572,0.18431444466114044,0.06441821902990341,0.0597701258957386,116
0.4085087180137634,0.2645106613636017,0.20995986461639404,0.11702074110507965,117
0.5975243449211121,0.1917196363210678,0.18599824607372284,0.024757804349064827,117
0.3701461851596832,0.24482892453670502,0.20713283121585846,0.17789199948310852,117
0.48901447653770447,0.24984103441238403,0.16782085597515106,0.09332358837127686,117
0.7632762789726257,0.14797647297382355,0.06585291028022766,0.02289441227912903,117
0.4648784399032593,0.3826904296875,0.08911827206611633,0.06331288814544678,117
0.38943761587142944,0.3739812672138214,0.17722882330417633,0.05935227870941162,117
0.5096325874328613,0.2937529385089874,0.10807274281978607,0.08854176849126816,118
0.348711758852005,0.30519741773605347,0.22962303459644318,0.11646778881549835,118
0.8320969343185425,0.13696619868278503,0.023842260241508484,0.007094548549503088,118
0.9019347429275513,0.0507439486682415,0.039178334176540375,0.008143064565956593,118
0.3901679515838623,0.3491191864013672,0.13914798200130463,0.12156489491462708,118
0.8581069111824036,0.123358815908432,0.009351546876132488,0.00918261706829071,118
0.6570406556129456,0.2366144359111786,0.08276160806417465,0.023583274334669113,119
0.34089940786361694,0.28369826078414917,0.2665044367313385,0.10889787971973419,119
0.46701565384864807,0.40938612818717957,0.07440255582332611,0.04919564723968506,119
0.7014847993850708,0.24144025146961212,0.03972834721207619,0.017346540465950966,119
0.6572083234786987,0.21023286879062653,0.0704173743724823,0.06214149296283722,119
0.47865599393844604,0.3409380316734314,0.10696745663881302,0.07343858480453491,119
0.5101838707923889,0.37174224853515625,0.06885401904582977,0.049219876527786255,119
0.3522149324417114,0.3458206355571747,0.16703782975673676,0.13492660224437714,120
0.6642033457756042,0.26029708981513977,0.06645836681127548,0.009041214361786842,120
0.46701565384864807,0.40938612818717957,0.07440255582332611,0.04919564723968506,120
0.6415338516235352,0.30068808794021606,0.039790451526641846,0.017987705767154694,120
0.700209379196167,0.17299798130989075,0.08586642891168594,0.040926214307546616,120
0.816482424736023,0.14457769691944122,0.020141493529081345,0.01879848912358284,120
0.3577720820903778,0.339350163936615,0.16484475135803223,0.13803303241729736,121
0.33785945177078247,0.3124246895313263,0.22523216903209686,0.12448371946811676,121
0.46701565384864807,0.40938612818717957,0.07440255582332611,0.04919564723968506,121
0.5213356614112854,0.4109730124473572,0.043259892612695694,0.02443143166601658,121
0.5542566180229187,0.3039122223854065,0.08248250931501389,0.05934857204556465,121
0.618789792060852,0.20693469047546387,0.12147518247365952,0.052800342440605164,121
0.6905238032341003,0.25894710421562195,0.04408843815326691,0.006440693512558937,122
0.6911416053771973,0.13588304817676544,0.08778896927833557,0.08518639206886292,122
0.5007351040840149,0.2669936716556549,0.1566353440284729,0.07563596218824387,122
0.4537791311740875,0.3407866358757019,0.13434410095214844,0.07109023630619049,122
0.5069957971572876,0.25088170170783997,0.15364176034927368,0.08848076313734055,122
0.8853708505630493,0.06118040531873703,0.04466583952307701,0.008782864548265934,122
0.5978841781616211,0.2737768590450287,0.06987845152616501,0.05846051126718521,122
0.39907634258270264,0.3045267164707184,0.18212953209877014,0.11426741629838943,123
0.5788769721984863,0.21208283305168152,0.11174624413251877,0.09729397296905518,123
0.5492819547653198,0.31246551871299744,0.09159373492002487,0.046658869832754135,123
0.3080809712409973,0.2724592685699463,0.26698750257492065,0.15247225761413574,123
0.5690519213676453,0.20872589945793152,0.14275145530700684,0.0794706717133522,123
0.48616257309913635,0.42967188358306885,0.05444502830505371,0.02972049079835415,123
0.5891795754432678,0.24762417376041412,0.11289529502391815,0.05030091851949692,123
0.9442739486694336,0.03520870581269264,0.012595993466675282,0.007921331562101841,123
0.4357869327068329,0.22265253961086273,0.21633662283420563,0.12522391974925995,124
0.416522741317749,0.30667978525161743,0.2504693865776062,0.0263280738145113,124
0.3261736333370209,0.28087174892425537,0.22176693379878998,0.1711876541376114,124
0.34394651651382446,0.31486424803733826,0.19204765558242798,0.14914162456989288,124
0.40960589051246643,0.3789964020252228,0.1416001319885254,0.06979760527610779,124
0.33027684688568115,0.3093467354774475,0.20417387783527374,0.156202495098114,124
0.920080840587616,0.05790112912654877,0.011878499761223793,0.010139520280063152,124
0.4149368703365326,0.2884524464607239,0.17272761464118958,0.12388306856155396,125
0.4884117841720581,0.2756158411502838,0.14887718856334686,0.08709518611431122,125
0.5048287510871887,0.18668802082538605,0.16319501399993896,0.14528827369213104,125
0.6381808519363403,0.24373619258403778,0.07182860374450684,0.046254318207502365,125
0.6822342276573181,0.16966652870178223,0.07726182043552399,0.07083743065595627,125
0.3380556106567383,0.27055689692497253,0.22969558835029602,0.16169190406799316,125
0.5031372308731079,0.4494020342826843,0.032000552862882614,0.015460177324712276,125
0.5136882066726685,0.21562674641609192,0.15737983584403992,0.1133052334189415,126
0.44219112396240234,0.2661522626876831,0.1628289818763733,0.12882757186889648,126
0.43435192108154297,0.28562676906585693,0.1930973380804062,0.0869239941239357,126
0.5889755487442017,0.18996839225292206,0.17848195135593414,0.04257405921816826,126
0.8222793936729431,0.100318543612957,0.06067466363310814,0.016727402806282043,126
0.8700692057609558,0.08846230804920197,0.0310645941644907,0.010403849184513092,126
0.4424484670162201,0.3692617118358612,0.16324391961097717,0.02504587359726429,127
0.6968708038330078,0.21889281272888184,0.060625266283750534,0.023611143231391907,127
0.7976219058036804,0.13601794838905334,0.052533671259880066,0.013826417736709118,127
0.7826992273330688,0.12323866784572601,0.054500553756952286,0.03956155478954315,127
0.574975848197937,0.2787492275238037,0.09204459190368652,0.05423032119870186,127
0.5176807045936584,0.3417466878890991,0.09485583007335663,0.04571682587265968,127
0.9576404094696045,0.03104301728308201,0.009899887256324291,0.001416685408912599,127
0.4397675693035126,0.28242433071136475,0.2366953194141388,0.0411127544939518,128
0.36402007937431335,0.33518627285957336,0.1777026504278183,0.12309104204177856,128
0.770301103591919,0.15196570754051208,0.05920575186610222,0.01852746680378914,128
0.5618369579315186,0.36529770493507385,0.04179362580180168,0.03107176162302494,128
0.43791112303733826,0.42556700110435486,0.08508345484733582,0.0514383465051651,128
0.6351599097251892,0.23068846762180328,0.06750934571027756,0.06664224714040756,128
0.4397667646408081,0.4381374716758728,0.0780072957277298,0.04408847168087959,129
0.7077997922897339,0.1511065661907196,0.10596638172864914,0.035127297043800354,129
0.5539217591285706,0.19879744946956635,0.1724541336297989,0.0748266726732254,129
0.3897426426410675,0.25763946771621704,0.19680273532867432,0.15581512451171875,129
0.5491549968719482,0.3287254869937897,0.08099759370088577,0.04112197831273079,129
0.6194061636924744,0.17356853187084198,0.17054519057273865,0.03648003935813904,129
0.646549642086029,0.14733575284481049,0.14122098684310913,0.06489365547895432,129
0.9132388830184937,0.06899027526378632,0.01475098542869091,0.0030198334716260433,129
0.529384970664978,0.34808722138404846,0.07436063885688782,0.04816718026995659,130
0.4595770239830017,0.2002324014902115,0.17886389791965485,0.16132664680480957,130
0.42048877477645874,0.32290175557136536,0.13432985544204712,0.12227970361709595,130
0.7802380323410034,0.11632681638002396,0.07270051538944244,0.030734606087207794,130
0.47187539935112,0.3043530583381653,0.15969379246234894,0.06407776474952698,130
0.6851280331611633,0.1828208714723587,0.0668465867638588,0.06520456820726395,130
0.5150562524795532,0.2538672983646393,0.17045223712921143,0.06062424182891846,130
0.8873022794723511,0.06266830861568451,0.041224222630262375,0.008805193938314915,130
0.5515807867050171,0.31420382857322693,0.08076918125152588,0.05344618484377861,131
0.5674745440483093,0.2432105839252472,0.1662963628768921,0.023018505424261093,131
0.6424369812011719,0.1959572583436966,0.11865290254354477,0.04295286163687706,131
0.48121801018714905,0.2515774965286255,0.1626974493265152,0.10450709611177444,131
0.9050562381744385,0.05634473264217377,0.031303033232688904,0.007295941933989525,131
0.3027326166629791,0.29994791746139526,0.2412315011024475,0.1560879647731781,131
0.8980879783630371,0.08675361424684525,0.012172115035355091,0.002986280946061015,131
0.2966426610946655,0.25962579250335693,0.25582507252693176,0.18790648877620697,132
0.9185606241226196,0.056252315640449524,0.02329893223941326,0.001888164202682674,132
0.7866144180297852,0.14916200935840607,0.047180816531181335,0.017042748630046844,132
0.6266353130340576,0.25112420320510864,0.08569478988647461,0.03654570132493973,132
0.4952821135520935,0.33311036229133606,0.09534025937318802,0.07626735419034958,132
0.3565942943096161,0.28176209330558777,0.18643704056739807,0.17520658671855927,132
0.4804418087005615,0.24376988410949707,0.18851648271083832,0.08727181702852249,133
0.42958325147628784,0.397125780582428,0.12850657105445862,0.04478439316153526,133
0.4652506113052368,0.22135116159915924,0.19141885638237,0.12197939306497574,133
0.6663311719894409,0.1923637092113495,0.11082155257463455,0.030483555048704147,133
0.43176987767219543,0.42792099714279175,0.08432597666978836,0.055983174592256546,133
0.9249748587608337,0.039759472012519836,0.029715510085225105,0.0055502005852758884,133
0.42967498302459717,0.20392723381519318,0.1901303082704544,0.17626745998859406,133
0.9741674065589905,0.015924926847219467,0.00867601577192545,0.001231642090715468,133
0.8695681095123291,0.071788489818573,0.04744317755103111,0.011200210079550743,134
0.7880245447158813,0.12403137236833572,0.0787341296672821,0.009209987707436085,134
0.47453486919403076,0.2162100076675415,0.1760368049144745,0.13321839272975922,134
0.5294177532196045,0.36429330706596375,0.06474810093641281,0.041540805250406265,134
0.8491783142089844,0.07273012399673462,0.06436078995466232,0.013730723410844803,134
0.320701003074646,0.28597772121429443,0.2260223925113678,0.1672988384962082,134
0.9272863864898682,0.04493078961968422,0.022318681702017784,0.005464137997478247,134
0.45688870549201965,0.2379111349582672,0.16807551681995392,0.13712459802627563,135
0.702724039554596,0.18774059414863586,0.09842105954885483,0.01111423596739769,135
0.4182608723640442,0.39215710759162903,0.09812307357788086,0.09145902097225189,135
0.8302779793739319,0.10938771069049835,0.032592322677373886,0.027742041274905205,135
0.4648784399032593,0.3826904296875,0.08911827206611633,0.06331288814544678,135
0.7996408939361572,0.15235430002212524,0.04205673187971115,0.005948038771748543,135
